{"cameraMode":{"drawMode":0,"name":"Shaded","section":"Shading Mode"},"sceneLighting":false,"audioPlay":false,"sceneViewState":{"m_AlwaysRefresh":false,"showFog":true,"showSkybox":false,"showFlares":true,"showImageEffects":true,"showParticleSystems":true,"showVisualEffectGraphs":true,"m_FxEnabled":true},"in2DMode":false,"pivot":{"x":-11.508127212524414,"y":7.236606121063232,"z":-14.80850601196289},"rotation":{"x":0.35872215032577517,"y":0.0013998930808156729,"z":-0.0005376309272833169,"w":0.933445394039154},"size":0.8660253882408142,"orthographic":false}