{"cameraMode":{"drawMode":0,"name":"Shaded","section":"Shading Mode"},"sceneLighting":false,"audioPlay":false,"sceneViewState":{"m_AlwaysRefresh":false,"showFog":true,"showSkybox":false,"showFlares":true,"showImageEffects":true,"showParticleSystems":true,"showVisualEffectGraphs":true,"m_FxEnabled":true},"in2DMode":false,"pivot":{"x":-7.880000114440918,"y":0.14999999105930329,"z":-10.369999885559082},"rotation":{"x":0.06304355710744858,"y":0.8568865656852722,"z":-0.1080191358923912,"w":0.5001063942909241},"size":1.6038368940353394,"orthographic":false}