{"cameraMode":{"drawMode":0,"name":"Shaded","section":"Shading Mode"},"sceneLighting":false,"audioPlay":false,"sceneViewState":{"m_AlwaysRefresh":false,"showFog":true,"showSkybox":false,"showFlares":true,"showImageEffects":true,"showParticleSystems":true,"showVisualEffectGraphs":true,"m_FxEnabled":true},"in2DMode":false,"pivot":{"x":-0.06798474490642548,"y":0.0040654391050338749,"z":0.05240611732006073},"rotation":{"x":-0.21197646856307984,"y":0.7879440188407898,"z":-0.415041446685791,"w":-0.4024312496185303},"size":0.3690096437931061,"orthographic":false}