{"cameraMode":{"drawMode":0,"name":"Shaded","section":"Shading Mode"},"sceneLighting":false,"audioPlay":false,"sceneViewState":{"m_AlwaysRefresh":false,"showFog":true,"showSkybox":false,"showFlares":true,"showImageEffects":true,"showParticleSystems":true,"showVisualEffectGraphs":true,"m_FxEnabled":true},"in2DMode":false,"pivot":{"x":-0.4750000238418579,"y":1.6501752138137818,"z":3.305000066757202},"rotation":{"x":0.42210429906845095,"y":0.021753910928964616,"z":-0.010131727904081345,"w":0.9062331914901733},"size":0.21650634706020356,"orthographic":true}