{"cameraMode":{"drawMode":0,"name":"Shaded","section":"Shading Mode"},"sceneLighting":false,"audioPlay":false,"sceneViewState":{"m_AlwaysRefresh":false,"showFog":true,"showSkybox":false,"showFlares":true,"showImageEffects":true,"showParticleSystems":true,"showVisualEffectGraphs":true,"m_FxEnabled":true},"in2DMode":false,"pivot":{"x":4.372666835784912,"y":-0.0005233138799667358,"z":-1.946403980255127},"rotation":{"x":0.3180190324783325,"y":0.3261209726333618,"z":-0.11752963066101074,"w":0.8824378848075867},"size":0.3228110074996948,"orthographic":true}