{"cameraMode":{"drawMode":0,"name":"Shaded","section":"Shading Mode"},"sceneLighting":true,"audioPlay":false,"sceneViewState":{"m_AlwaysRefresh":false,"showFog":true,"showSkybox":true,"showFlares":true,"showImageEffects":true,"showParticleSystems":true,"showVisualEffectGraphs":true,"m_FxEnabled":true},"in2DMode":false,"pivot":{"x":7.2849602699279789,"y":16.84128761291504,"z":-15.268980979919434},"rotation":{"x":-0.543671727180481,"y":0.004275468643754721,"z":-0.0027764933183789255,"w":-0.8392907977104187},"size":1.9125988483428956,"orthographic":false}