{"cameraMode":{"drawMode":0,"name":"Shaded","section":"Shading Mode"},"sceneLighting":true,"audioPlay":false,"sceneViewState":{"m_AlwaysRefresh":false,"showFog":true,"showSkybox":true,"showFlares":true,"showImageEffects":true,"showParticleSystems":true,"showVisualEffectGraphs":true,"m_FxEnabled":true},"in2DMode":false,"pivot":{"x":-1.1527478694915772,"y":0.6000000238418579,"z":4.031248092651367},"rotation":{"x":0.6260379552841187,"y":-0.007717758417129517,"z":0.006196742411702871,"w":0.7797315120697022},"size":0.5163756608963013,"orthographic":true}