{"cameraMode":{"drawMode":0,"name":"Shaded","section":"Shading Mode"},"sceneLighting":true,"audioPlay":false,"sceneViewState":{"m_AlwaysRefresh":false,"showFog":true,"showSkybox":true,"showFlares":true,"showImageEffects":true,"showParticleSystems":true,"showVisualEffectGraphs":true,"m_FxEnabled":true},"in2DMode":false,"pivot":{"x":0.32899755239486697,"y":2.2067084312438967,"z":-2.9121859073638918},"rotation":{"x":-0.1198858693242073,"y":-0.7213738560676575,"z":0.1289815753698349,"w":-0.6699258089065552},"size":3.2558257579803469,"orthographic":true}