{"cameraMode":{"drawMode":0,"name":"Shaded","section":"Shading Mode"},"sceneLighting":true,"audioPlay":false,"sceneViewState":{"m_AlwaysRefresh":false,"showFog":true,"showSkybox":true,"showFlares":true,"showImageEffects":true,"showParticleSystems":true,"showVisualEffectGraphs":true,"m_FxEnabled":true},"in2DMode":false,"pivot":{"x":-1.0894153118133546,"y":0.3622322082519531,"z":0.48951810598373415},"rotation":{"x":0.33502569794654848,"y":0.044400591403245929,"z":-0.01571953482925892,"w":0.9411023259162903},"size":10.908502578735352,"orthographic":true}