{"cameraMode":{"drawMode":0,"name":"Shaded","section":"Shading Mode"},"sceneLighting":true,"audioPlay":false,"sceneViewState":{"m_AlwaysRefresh":false,"showFog":true,"showSkybox":true,"showFlares":true,"showImageEffects":true,"showParticleSystems":true,"showVisualEffectGraphs":true,"m_FxEnabled":true},"in2DMode":false,"pivot":{"x":5.244779586791992,"y":0.35482490062713625,"z":-0.007378104142844677},"rotation":{"x":0.49790579080581667,"y":0.2259724736213684,"z":-0.1361924260854721,"w":0.8261314630508423},"size":4.612640857696533,"orthographic":true}