{"cameraMode":{"drawMode":0,"name":"Shaded","section":"Shading Mode"},"sceneLighting":true,"audioPlay":false,"sceneViewState":{"m_AlwaysRefresh":false,"showFog":true,"showSkybox":true,"showFlares":true,"showImageEffects":true,"showParticleSystems":true,"showVisualEffectGraphs":true,"m_FxEnabled":true},"in2DMode":false,"pivot":{"x":-3.7733893394470217,"y":2.455451726913452,"z":-0.23520682752132417},"rotation":{"x":0.31487002968788149,"y":-0.31425443291664126,"z":0.11132165044546128,"w":0.8886880874633789},"size":2.4605917930603029,"orthographic":true}