{"cameraMode":{"drawMode":0,"name":"Shaded","section":"Shading Mode"},"sceneLighting":true,"audioPlay":false,"sceneViewState":{"m_AlwaysRefresh":false,"showFog":true,"showSkybox":true,"showFlares":true,"showImageEffects":true,"showParticleSystems":true,"showVisualEffectGraphs":true,"m_FxEnabled":true},"in2DMode":false,"pivot":{"x":-0.22304058074951173,"y":38.779151916503909,"z":1.0029311180114747},"rotation":{"x":0.16081607341766358,"y":0.5526324510574341,"z":-0.10966595262289047,"w":0.8103867769241333},"size":1.5757343769073487,"orthographic":false}