{"cameraMode":{"drawMode":0,"name":"Shaded","section":"Shading Mode"},"sceneLighting":true,"audioPlay":false,"sceneViewState":{"m_AlwaysRefresh":false,"showFog":true,"showSkybox":true,"showFlares":true,"showImageEffects":true,"showParticleSystems":true,"showVisualEffectGraphs":true,"m_FxEnabled":true},"in2DMode":false,"pivot":{"x":4.840724945068359,"y":1.9115092754364014,"z":-2.8365702629089357},"rotation":{"x":0.037905581295490268,"y":0.6947582960128784,"z":-0.0362982414662838,"w":0.7175170183181763},"size":2.7700002193450929,"orthographic":true}