{"cameraMode":{"drawMode":0,"name":"Shaded","section":"Shading Mode"},"sceneLighting":true,"audioPlay":false,"sceneViewState":{"m_AlwaysRefresh":false,"showFog":true,"showSkybox":true,"showFlares":true,"showImageEffects":true,"showParticleSystems":true,"showVisualEffectGraphs":true,"m_FxEnabled":true},"in2DMode":false,"pivot":{"x":0.07325480878353119,"y":7.373147964477539,"z":3.6729965209960939},"rotation":{"x":0.07567072659730911,"y":0.06427159905433655,"z":-0.004886318929493427,"w":0.9950591921806336},"size":3.0159566402435304,"orthographic":true}