{"cameraMode":{"drawMode":0,"name":"Shaded","section":"Shading Mode"},"sceneLighting":true,"audioPlay":false,"sceneViewState":{"m_AlwaysRefresh":false,"showFog":true,"showSkybox":true,"showFlares":true,"showImageEffects":true,"showParticleSystems":true,"showVisualEffectGraphs":true,"m_FxEnabled":true},"in2DMode":false,"pivot":{"x":0.4071667194366455,"y":2.3782236576080324,"z":-4.263495922088623},"rotation":{"x":0.7404540777206421,"y":-0.03781188279390335,"z":0.04180445522069931,"w":0.6697412133216858},"size":7.457902908325195,"orthographic":true}