{"cameraMode":{"drawMode":0,"name":"Shaded","section":"Shading Mode"},"sceneLighting":true,"audioPlay":false,"sceneViewState":{"m_AlwaysRefresh":false,"showFog":true,"showSkybox":true,"showFlares":true,"showImageEffects":true,"showParticleSystems":true,"showVisualEffectGraphs":true,"m_FxEnabled":true},"in2DMode":false,"pivot":{"x":-2.628906488418579,"y":-0.0002307364047737792,"z":0.7999958395957947},"rotation":{"x":0.2967683970928192,"y":0.3678101897239685,"z":-0.12510807812213899,"w":0.8723681569099426},"size":5.445209980010986,"orthographic":true}