{"cameraMode":{"drawMode":0,"name":"Shaded","section":"Shading Mode"},"sceneLighting":true,"audioPlay":false,"sceneViewState":{"m_AlwaysRefresh":false,"showFog":true,"showSkybox":true,"showFlares":true,"showImageEffects":true,"showParticleSystems":true,"showVisualEffectGraphs":true,"m_FxEnabled":true},"in2DMode":false,"pivot":{"x":0.9029848575592041,"y":0.7911523580551148,"z":-3.940077781677246},"rotation":{"x":-0.04062781110405922,"y":0.9021643400192261,"z":-0.08715663105249405,"w":-0.42053961753845217},"size":1.9880987405776978,"orthographic":false}