{"cameraMode":{"drawMode":0,"name":"Shaded","section":"Shading Mode"},"sceneLighting":true,"audioPlay":false,"sceneViewState":{"m_AlwaysRefresh":false,"showFog":true,"showSkybox":true,"showFlares":true,"showImageEffects":true,"showParticleSystems":true,"showVisualEffectGraphs":true,"m_FxEnabled":true},"in2DMode":false,"pivot":{"x":7.5716986656188969,"y":4.552274227142334,"z":16.903226852416993},"rotation":{"x":-0.3661820888519287,"y":0.06607232242822647,"z":-0.026079628616571428,"w":-0.9278327822685242},"size":17.790279388427736,"orthographic":true}