{"cameraMode":{"drawMode":0,"name":"Shaded","section":"Shading Mode"},"sceneLighting":false,"audioPlay":false,"sceneViewState":{"m_AlwaysRefresh":false,"showFog":true,"showSkybox":false,"showFlares":true,"showImageEffects":true,"showParticleSystems":true,"showVisualEffectGraphs":true,"m_FxEnabled":true},"in2DMode":false,"pivot":{"x":-0.03776015341281891,"y":1.7499969005584717,"z":5.069594383239746},"rotation":{"x":0.00007341415039263666,"y":0.9999079704284668,"z":0.012601526454091072,"w":-0.0057029458694159988},"size":0.5572404265403748,"orthographic":true}