{"cameraMode":{"drawMode":0,"name":"Shaded","section":"Shading Mode"},"sceneLighting":false,"audioPlay":false,"sceneViewState":{"m_AlwaysRefresh":false,"showFog":true,"showSkybox":false,"showFlares":true,"showImageEffects":true,"showParticleSystems":true,"showVisualEffectGraphs":true,"m_FxEnabled":true},"in2DMode":false,"pivot":{"x":0.11498665809631348,"y":0.18726873397827149,"z":0.05847930908203125},"rotation":{"x":0.3180190324783325,"y":0.3261209726333618,"z":-0.11752963066101074,"w":0.8824378848075867},"size":3.6892688274383547,"orthographic":true}